[
  {
    "nomeMedico": "Teste",
    "servico1": {
      "contrataria": 4,
      "potencial": 5,
      "observacoes": "Teste de observação"
    },
    "servico2": {
      "contrataria": 3,
      "potencial": 4,
      "observacoes": ""
    },
    "servico3": {
      "contrataria": 0,
      "potencial": 0,
      "observacoes": ""
    },
    "servico4": {
      "contrataria": 0,
      "potencial": 0,
      "observacoes": ""
    },
    "dataEnvio": "2025-05-26T15:59:20.000Z",
    "timestamp": "2025-05-26T15:59:25.096Z"
  },
  {
    "nomeMedico": "Bruna",
    "servico1": {
      "contrataria": 4,
      "potencial": 5,
      "observacoes": "Erro ao enviar avaliações: Failed to fetch\n\n"
    },
    "servico2": {
      "contrataria": 4,
      "potencial": 4,
      "observacoes": "Erro ao enviar avaliações: Failed to fetch\n\n"
    },
    "servico3": {
      "contrataria": 2,
      "potencial": 5,
      "observacoes": "Erro ao enviar avaliações: Failed to fetch\n\n"
    },
    "servico4": {
      "contrataria": 3,
      "potencial": 4,
      "observacoes": "Erro ao enviar avaliações: Failed to fetch\n\n"
    },
    "dataEnvio": "2025-05-26T16:08:42.835Z",
    "timestamp": "2025-05-26T16:08:19.358Z"
  },
  {
    "nomeMedico": "Testte",
    "servico1": {
      "contrataria": 3,
      "potencial": 3,
      "observacoes": "Erro ao enviar avaliações: Failed to fetch\n\n"
    },
    "servico2": {
      "contrataria": 2,
      "potencial": 5,
      "observacoes": ""
    },
    "servico3": {
      "contrataria": 5,
      "potencial": 3,
      "observacoes": "Erro ao enviar avaliações: Failed to fetch\n\n"
    },
    "servico4": {
      "contrataria": 4,
      "potencial": 4,
      "observacoes": ""
    },
    "dataEnvio": "2025-05-26T16:09:49.715Z",
    "timestamp": "2025-05-26T16:09:26.258Z"
  }
]