{
  "nomeMedico": "teste 2",
  "servico1": {
    "contrataria": 0,
    "potencial": 0,
    "observacoes": ""
  },
  "servico2": {
    "contrataria": 0,
    "potencial": 0,
    "observacoes": ""
  },
  "servico3": {
    "contrataria": 3,
    "potencial": 4,
    "observacoes": ""
  },
  "servico4": {
    "contrataria": 3,
    "potencial": 4,
    "observacoes": "Avaliação enviada com sucesso! Obrigado pela sua participação.\n\nAvaliação enviada com sucesso! Obrigado pela sua participação.\n\nAvaliação enviada com sucesso! Obrigado pela sua participação.\n\n"
  },
  "dataEnvio": "2025-05-26T16:14:23.074Z",
  "timestamp": "2025-05-26T16:13:59.282Z"
}