{
  "nomeMedico": "Teste",
  "servico1": {
    "contrataria": 3,
    "potencial": 3,
    "observacoes": "Avaliação enviada com sucesso! Obrigado pela sua participação.\n\n"
  },
  "servico2": {
    "contrataria": 5,
    "potencial": 4,
    "observacoes": ""
  },
  "servico3": {
    "contrataria": 2,
    "potencial": 2,
    "observacoes": "Avaliação enviada com sucesso! Obrigado pela sua participação.\n\n"
  },
  "servico4": {
    "contrataria": 5,
    "potencial": 3,
    "observacoes": ""
  },
  "dataEnvio": "2025-05-26T16:13:25.298Z",
  "timestamp": "2025-05-26T16:13:01.824Z"
}