[
  {
    "nomeMedico": "Teste",
    "servico1": {
      "contrataria": 3,
      "potencial": 3,
      "observacoes": "Avaliação enviada com sucesso! Obrigado pela sua participação.\n\n"
    },
    "servico2": {
      "contrataria": 5,
      "potencial": 4,
      "observacoes": ""
    },
    "servico3": {
      "contrataria": 2,
      "potencial": 2,
      "observacoes": "Avaliação enviada com sucesso! Obrigado pela sua participação.\n\n"
    },
    "servico4": {
      "contrataria": 5,
      "potencial": 3,
      "observacoes": ""
    },
    "dataEnvio": "2025-05-26T16:13:25.298Z",
    "timestamp": "2025-05-26T16:13:01.824Z"
  },
  {
    "nomeMedico": "teste 2",
    "servico1": {
      "contrataria": 0,
      "potencial": 0,
      "observacoes": ""
    },
    "servico2": {
      "contrataria": 0,
      "potencial": 0,
      "observacoes": ""
    },
    "servico3": {
      "contrataria": 3,
      "potencial": 4,
      "observacoes": ""
    },
    "servico4": {
      "contrataria": 3,
      "potencial": 4,
      "observacoes": "Avaliação enviada com sucesso! Obrigado pela sua participação.\n\nAvaliação enviada com sucesso! Obrigado pela sua participação.\n\nAvaliação enviada com sucesso! Obrigado pela sua participação.\n\n"
    },
    "dataEnvio": "2025-05-26T16:14:23.074Z",
    "timestamp": "2025-05-26T16:13:59.282Z"
  }
]